Datetime,Water Level (m)
2025-06-26 18:00:00,0.40693003
2025-06-26 19:00:00,0.05991283
2025-06-26 20:00:00,-0.26737604
2025-06-26 21:00:00,-0.48873958
2025-06-26 22:00:00,-0.5374923
2025-06-26 23:00:00,-0.3727887
2025-06-27 00:00:00,-0.01997458
2025-06-27 01:00:00,0.41730535
2025-06-27 02:00:00,0.8387745
2025-06-27 03:00:00,1.1600958
2025-06-27 04:00:00,1.2800432
2025-06-27 05:00:00,1.1945283
2025-06-27 06:00:00,0.9345223
2025-06-27 07:00:00,0.55604905
2025-06-27 08:00:00,0.13995522
2025-06-27 09:00:00,-0.20548515
2025-06-27 10:00:00,-0.41073206
2025-06-27 11:00:00,-0.42736483
2025-06-27 12:00:00,-0.25671545
2025-06-27 13:00:00,0.052019574
2025-06-27 14:00:00,0.39539605
2025-06-27 15:00:00,0.68569213
2025-06-27 16:00:00,0.82738346
2025-06-27 17:00:00,0.7935381
2025-06-27 18:00:00,0.6043179
2025-06-27 19:00:00,0.2890634
2025-06-27 20:00:00,-0.039000005
2025-06-27 21:00:00,-0.31092557
2025-06-27 22:00:00,-0.46929163
2025-06-27 23:00:00,-0.4401333
2025-06-28 00:00:00,-0.22281176
2025-06-28 01:00:00,0.12824422
2025-06-28 02:00:00,0.5501003
2025-06-28 03:00:00,0.9297542
2025-06-28 04:00:00,1.1972678
2025-06-28 05:00:00,1.2594368
2025-06-28 06:00:00,1.1184722
2025-06-28 07:00:00,0.82645106
2025-06-28 08:00:00,0.43672216
2025-06-28 09:00:00,0.050721694
2025-06-28 10:00:00,-0.24433647
2025-06-28 11:00:00,-0.37704396
2025-06-28 12:00:00,-0.3274073
2025-06-28 13:00:00,-0.121301085
2025-06-28 14:00:00,0.18866685
2025-06-28 15:00:00,0.5013398
2025-06-28 16:00:00,0.73306406
2025-06-28 17:00:00,0.83171064
2025-06-28 18:00:00,0.7727291
2025-06-28 19:00:00,0.57036024
2025-06-28 20:00:00,0.28158858
2025-06-28 21:00:00,-0.01826443
2025-06-28 22:00:00,-0.2415587
2025-06-28 23:00:00,-0.34567377
2025-06-29 00:00:00,-0.27908042
2025-06-29 01:00:00,-0.04495903
2025-06-29 02:00:00,0.29605618
2025-06-29 03:00:00,0.6696021
2025-06-29 04:00:00,1.000378
2025-06-29 05:00:00,1.1706718
2025-06-29 06:00:00,1.1739215
2025-06-29 07:00:00,0.9936215
2025-06-29 08:00:00,0.67872864
2025-06-29 09:00:00,0.3083468
2025-06-29 10:00:00,-0.03465001
2025-06-29 11:00:00,-0.26536226
2025-06-29 12:00:00,-0.33938858
2025-06-29 13:00:00,-0.2551177
2025-06-29 14:00:00,-0.024577336
2025-06-29 15:00:00,0.274712
2025-06-29 16:00:00,0.549518
2025-06-29 17:00:00,0.7342543
2025-06-29 18:00:00,0.79069346
2025-06-29 19:00:00,0.68600667
2025-06-29 20:00:00,0.48558396
2025-06-29 21:00:00,0.21340227
2025-06-29 22:00:00,-0.053918876
2025-06-29 23:00:00,-0.23617975
2025-06-30 00:00:00,-0.2839866
2025-06-30 01:00:00,-0.1793674
2025-06-30 02:00:00,0.06865244
2025-06-30 03:00:00,0.39054343
2025-06-30 04:00:00,0.7244931
2025-06-30 05:00:00,0.9628231
2025-06-30 06:00:00,1.0714731
2025-06-30 07:00:00,1.0166985
2025-06-30 08:00:00,0.8152629
2025-06-30 09:00:00,0.512968
2025-06-30 10:00:00,0.18941577
2025-06-30 11:00:00,-0.0913622
2025-06-30 12:00:00,-0.25402433
2025-06-30 13:00:00,-0.2794819
2025-06-30 14:00:00,-0.15306485
2025-06-30 15:00:00,0.08646491
2025-06-30 16:00:00,0.36344236
2025-06-30 17:00:00,0.5960968
2025-06-30 18:00:00,0.73478633
2025-06-30 19:00:00,0.75524056
2025-06-30 20:00:00,0.6540674
2025-06-30 21:00:00,0.46682766
2025-06-30 22:00:00,0.22150937
2025-06-30 23:00:00,0.0017875074
2025-07-01 00:00:00,-0.12968472
2025-07-01 01:00:00,-0.14458051
2025-07-01 02:00:00,-0.01696018
2025-07-01 03:00:00,0.21867232
2025-07-01 04:00:00,0.51770335
2025-07-01 05:00:00,0.7762578
2025-07-01 06:00:00,0.9508944
2025-07-01 07:00:00,0.97364753
2025-07-01 08:00:00,0.87233007
2025-07-01 09:00:00,0.6628265
2025-07-01 10:00:00,0.3910459
2025-07-01 11:00:00,0.120608866
2025-07-01 12:00:00,-0.08989386
2025-07-01 13:00:00,-0.20322959
2025-07-01 14:00:00,-0.18877365
2025-07-01 15:00:00,-0.046869513
2025-07-01 16:00:00,0.1859876
2025-07-01 17:00:00,0.43666977
2025-07-01 18:00:00,0.63238436
2025-07-01 19:00:00,0.7273504
2025-07-01 20:00:00,0.72417057
2025-07-01 21:00:00,0.62062967
2025-07-01 22:00:00,0.44389457
2025-07-01 23:00:00,0.2503098
2025-07-02 00:00:00,0.08664148
2025-07-02 01:00:00,-0.0016203948
2025-07-02 02:00:00,0.01078734
2025-07-02 03:00:00,0.13071848
2025-07-02 04:00:00,0.3403453
2025-07-02 05:00:00,0.57419187
2025-07-02 06:00:00,0.76720834
2025-07-02 07:00:00,0.8646961
2025-07-02 08:00:00,0.85269356
2025-07-02 09:00:00,0.73233044
2025-07-02 10:00:00,0.5386587
2025-07-02 11:00:00,0.2994929
2025-07-02 12:00:00,0.07626634
2025-07-02 13:00:00,-0.08313328
2025-07-02 14:00:00,-0.1493002
2025-07-02 15:00:00,-0.102387495
2025-07-02 16:00:00,0.04534553
2025-07-02 17:00:00,0.25032103
2025-07-02 18:00:00,0.46006563
